<?xml version="1.0" encoding="UTF-8"?>
<project-private xmlns="http://www.netbeans.org/ns/project-private/1">
    <editor-bookmarks xmlns="http://www.netbeans.org/ns/editor-bookmarks/2" lastBookmarkId="0"/>
    <open-files xmlns="http://www.netbeans.org/ns/projectui-open-files/2">
        <group>
            <file>file:/D:/MOB1023/lab5/src/Lap5/Lab5EX2.java</file>
            <file>file:/D:/MOB1023/lab5/src/bai4/Bai4JFrame.java</file>
            <file>file:/D:/MOB1023/lab5/src/Bai3_QLNV/QLNV_JFrame.java</file>
            <file>file:/D:/MOB1023/lab5/src/Lap5/utils/XFile.java</file>
            <file>file:/D:/MOB1023/lab5/src/Lap5/XFileDemo.java</file>
            <file>file:/D:/MOB1023/lab5/src/Bai3_QLNV/Sraff.java</file>
        </group>
    </open-files>
</project-private>
